<?xml version="1.0"?>
<doc>
    <assembly>
        <name>AzureDevOpsKats.Web</name>
    </assembly>
    <members>
        <member name="T:AzureDevOpsKats.Web.Controllers.CatsController">
             <summary>
            
             </summary>
        </member>
        <member name="M:AzureDevOpsKats.Web.Controllers.CatsController.#ctor(AzureDevOpsKats.Service.Interface.ICatService,AzureDevOpsKats.Service.Interface.IFileService,Microsoft.Extensions.Logging.ILogger{AzureDevOpsKats.Web.Controllers.CatsController},Microsoft.AspNetCore.Hosting.IHostingEnvironment,Microsoft.Extensions.Options.IOptions{AzureDevOpsKats.Service.Configuration.ApplicationOptions})">
            <summary>
            Initializes a new instance of the <see cref="T:AzureDevOpsKats.Web.Controllers.CatsController"/> class.
            </summary>
            <param name="catService"></param>
            <param name="fileService"></param>
            <param name="logger"></param>
            <param name="env"></param>
            <param name="settings"></param>
        </member>
        <member name="M:AzureDevOpsKats.Web.Controllers.CatsController.Get">
            <summary>
            Get List of Cats
            </summary>
            <returns>An ActionResult of type Cat List</returns>
        </member>
        <member name="M:AzureDevOpsKats.Web.Controllers.CatsController.GetById(System.Int32)">
            <summary>
            Get Cat
            </summary>
            <param name="id"></param>
            <returns>An ActionResult of type Cat</returns>
        </member>
        <member name="M:AzureDevOpsKats.Web.Controllers.CatsController.Delete(System.Int32)">
            <summary>
            Delete Cat
            </summary>
            <param name="id"></param>
            <returns></returns>
        </member>
        <member name="M:AzureDevOpsKats.Web.Controllers.CatsController.Post(AzureDevOpsKats.Service.Models.CatCreateModel)">
            <summary>
             Create Cat
            </summary>
            <param name="value"></param>
            <returns></returns>
        </member>
        <member name="M:AzureDevOpsKats.Web.Controllers.CatsController.Put(System.Int32,AzureDevOpsKats.Service.Models.CatUpdateModel)">
            <summary>
            Update Cat Properties
            </summary>
            <param name="id">Cat Id</param>
            <param name="value"></param>
            <response code="200">Returns the updated cat</response>
            <response code="422">Validation error</response>
            <returns>An ActionResult of type Cat</returns>
        </member>
        <member name="T:AzureDevOpsKats.Web.Controllers.CatsControllerV2">
             <summary>
            
             </summary>
        </member>
        <member name="M:AzureDevOpsKats.Web.Controllers.CatsControllerV2.#ctor(AzureDevOpsKats.Service.Interface.ICatService,Microsoft.Extensions.Logging.ILogger{AzureDevOpsKats.Web.Controllers.CatsControllerV2})">
            <summary>
            Initializes a new instance of the <see cref="T:AzureDevOpsKats.Web.Controllers.CatsControllerV2"/> class.
            </summary>
            <param name="catService"></param>
            <param name="logger"></param>
        </member>
        <member name="M:AzureDevOpsKats.Web.Controllers.CatsControllerV2.Get(System.Int32,System.Int32)">
            <summary>
            Get Cats Paging
            </summary>
            <param name="limit">results count</param>
            <param name="page">page number</param>
            <returns></returns>
        </member>
        <member name="T:AzureDevOpsKats.Web.ServiceCollectionExtensions">
            <summary>
            Service Collection Extensions
            </summary>
        </member>
        <member name="M:AzureDevOpsKats.Web.ServiceCollectionExtensions.AddApiVersioning(Microsoft.Extensions.DependencyInjection.IServiceCollection,Microsoft.Extensions.Configuration.IConfiguration)">
            <summary>
            Api Versioning
            </summary>
            <param name="services"></param>
            <param name="configuration"></param>
        </member>
        <member name="T:AzureDevOpsKats.Web.Helpers.ConsoleExtensions">
             <summary>
            
             </summary>
        </member>
        <member name="M:AzureDevOpsKats.Web.Helpers.ConsoleExtensions.ConsoleGreen(System.String)">
            <summary>
            Writes green text to the console.
            </summary>
            <param name="text">The text.</param>
        </member>
        <member name="M:AzureDevOpsKats.Web.Helpers.ConsoleExtensions.ConsoleRed(System.String)">
            <summary>
            Writes red text to the console.
            </summary>
            <param name="text">The text.</param>
        </member>
        <member name="M:AzureDevOpsKats.Web.Helpers.ConsoleExtensions.ConsoleYellow(System.String)">
            <summary>
            Writes yellow text to the console.
            </summary>
            <param name="text">The text.</param>
        </member>
        <member name="M:AzureDevOpsKats.Web.Helpers.ConsoleExtensions.ColoredWriteLine(System.String,System.ConsoleColor)">
            <summary>
            Writes out text with the specified ConsoleColor.
            </summary>
            <param name="text">The text.</param>
            <param name="color">The color.</param>
        </member>
        <member name="T:AzureDevOpsKats.Web.Program">
             <summary>
            
             </summary>
        </member>
        <member name="P:AzureDevOpsKats.Web.Program.Configuration">
            <summary>
            Configuration
            </summary>
        </member>
        <member name="M:AzureDevOpsKats.Web.Program.Main(System.String[])">
            <summary>
             Main Entry Point.
            </summary>
            <param name="args"></param>
            <returns></returns>
        </member>
        <member name="M:AzureDevOpsKats.Web.Program.CreateWebHostBuilder(System.String[])">
            <summary>
            Create WebHost Builder.
            </summary>
            <param name="args"></param>
            <returns></returns>
        </member>
        <member name="T:AzureDevOpsKats.Web.Startup">
             <summary>
            
             </summary>
        </member>
        <member name="M:AzureDevOpsKats.Web.Startup.#ctor(Microsoft.Extensions.Configuration.IConfiguration)">
            <summary>
            Initializes a new instance of the <see cref="T:AzureDevOpsKats.Web.Startup"/> class.
            </summary>
            <param name="configuration"></param>
        </member>
        <member name="P:AzureDevOpsKats.Web.Startup.Configuration">
             <summary>
            
             </summary>
        </member>
        <member name="M:AzureDevOpsKats.Web.Startup.ConfigureServices(Microsoft.Extensions.DependencyInjection.IServiceCollection)">
             <summary>
            
             </summary>
             <param name="services"></param>
        </member>
        <member name="M:AzureDevOpsKats.Web.Startup.Configure(Microsoft.AspNetCore.Builder.IApplicationBuilder,Microsoft.AspNetCore.Hosting.IHostingEnvironment,Microsoft.AspNetCore.Mvc.ApiExplorer.IApiVersionDescriptionProvider)">
             <summary>
            
             </summary>
             <param name="app"></param>
             <param name="env"></param>
             <param name="apiVersionDescriptionProvider"></param>
        </member>
        <member name="T:MicroService.WebApi.Extensions.ConfigureSwaggerOptions">
            <summary>
            Configures the Swagger generation options.
            </summary>
            <remarks>This allows API versioning to define a Swagger document per API version after the
            <see cref="T:Microsoft.AspNetCore.Mvc.ApiExplorer.IApiVersionDescriptionProvider"/> service has been resolved from the service container.</remarks>
        </member>
        <member name="M:MicroService.WebApi.Extensions.ConfigureSwaggerOptions.#ctor(Microsoft.AspNetCore.Mvc.ApiExplorer.IApiVersionDescriptionProvider)">
            <summary>
            Initializes a new instance of the <see cref="T:MicroService.WebApi.Extensions.ConfigureSwaggerOptions"/> class.
            </summary>
            <param name="provider">The <see cref="T:Microsoft.AspNetCore.Mvc.ApiExplorer.IApiVersionDescriptionProvider">provider</see> used to generate Swagger documents.</param>
        </member>
        <member name="M:MicroService.WebApi.Extensions.ConfigureSwaggerOptions.Configure(Swashbuckle.AspNetCore.SwaggerGen.SwaggerGenOptions)">
            <inheritdoc />
        </member>
        <member name="T:MicroService.WebApi.Extensions.SwaggerDefaultValues">
            <summary>
            Represents the Swagger/Swashbuckle operation filter used to document the implicit API version parameter.
            </summary>
            <remarks>This <see cref="T:Swashbuckle.AspNetCore.SwaggerGen.IOperationFilter"/> is only required due to bugs in the <see cref="T:Swashbuckle.AspNetCore.SwaggerGen.SwaggerGenerator"/>.
            Once they are fixed and published, this class can be removed.</remarks>
        </member>
        <member name="M:MicroService.WebApi.Extensions.SwaggerDefaultValues.Apply(Swashbuckle.AspNetCore.Swagger.Operation,Swashbuckle.AspNetCore.SwaggerGen.OperationFilterContext)">
            <summary>
            Applies the filter to the specified operation using the given context.
            </summary>
            <param name="operation">The operation to apply the filter to.</param>
            <param name="context">The current operation filter context.</param>
        </member>
    </members>
</doc>
